Algoritmo,Configuracion,Run,Bandgap (Hz),Max Stress (MPa),Volumen,Tiempo (s)
MpGA,Homogeneo S1,0,932.4158263484285,14.76041489429171,0.45367187499999995,120.33932518959045
MpGA,Homogeneo S1,1,932.600725566147,76.3960135837408,0.4380625,122.1415798664093
MpGA,Homogeneo S1,2,897.7597054099881,27.350709403202636,0.45367187500000006,117.29080867767334
MpGA,Homogeneo S1,3,1555.989773626322,2.6066506867246044,0.46928125,116.70214676856995
MpGA,Homogeneo S1,4,1280.7900489033148,120.98920249458212,0.4380625000000001,103.751638174057
MpGA,Homogeneo S1,5,1273.5670052927187,63.48769926581413,0.4380625000000001,115.09290385246277
MpGA,Homogeneo S1,6,1273.9013344008304,3.092097418407935,0.453671875,92.74947953224182
MpGA,Homogeneo S1,7,492.05368201932833,4.466494386646262,0.4380625,85.65087938308716
MpGA,Homogeneo S1,8,1045.037480428196,3.09082288277674,0.45367187500000006,104.12068557739258
MpGA,Homogeneo S1,9,1556.7705800563467,2.606751001998267,0.45367187500000006,88.07276797294617
MpGA,Homogeneo S2,0,951.4224149558631,14.789395821734585,0.45367187499999995,96.42849493026733
MpGA,Homogeneo S2,1,672.2212980594068,94.29213438085074,0.45367187499999995,101.25346851348877
MpGA,Homogeneo S2,2,897.7597054099905,27.350709399165627,0.45367187500000006,93.88466906547546
MpGA,Homogeneo S2,3,1555.9897732478757,2.606650686620249,0.46928125,100.15430784225464
MpGA,Homogeneo S2,4,1280.7900488821747,115.37475994422671,0.4380625000000001,108.01951789855957
MpGA,Homogeneo S2,5,1273.5670052927194,64.1582772333399,0.4380625000000001,111.27187371253967
MpGA,Homogeneo S2,6,1273.9013342982853,3.0920974184019454,0.453671875,113.5906343460083
MpGA,Homogeneo S2,7,492.0536820452962,4.466494386628324,0.4380625,107.45448207855225
MpGA,Homogeneo S2,8,1045.037480248206,3.090822882828366,0.45367187500000006,109.62344169616699
MpGA,Homogeneo S2,9,1556.7705800585868,2.6067510025597214,0.45367187500000006,96.49451732635498
MpGA,Heterogeneo S1+S2,0,589.1799549787768,73.50110979191145,0.4380625,76.4486780166626
MpGA,Heterogeneo S1+S2,1,1521.2744095786493,2.696283021740899,0.45367187500000006,76.09128785133362
MpGA,Heterogeneo S1+S2,2,1556.7705800563467,2.606751002503133,0.45367187500000006,70.99439930915833
MpGA,Heterogeneo S1+S2,3,691.0031307595937,7.664409266933238,0.45367187500000006,90.73971652984619
MpGA,Heterogeneo S1+S2,4,661.5180897883924,105.5036368267975,0.4380625,78.18080735206604
MpGA,Heterogeneo S1+S2,5,955.6183747567534,4.139646979718941,0.45367187500000006,98.93310022354126
MpGA,Heterogeneo S1+S2,6,849.3576406810558,19.27001120962601,0.45367187499999995,101.95482468605042
MpGA,Heterogeneo S1+S2,7,918.0727979825544,158.61725731380892,0.4380625,87.73603296279907
MpGA,Heterogeneo S1+S2,8,708.3685922607287,5.754866269591782,0.45367187499999995,76.55999231338501
MpGA,Heterogeneo S1+S2,9,608.6455310351046,133.14648560469436,0.45367187500000006,74.72965860366821
MpGA,Secuencial S1 (Bottleneck),0,932.4158263484285,14.760414894316696,0.45367187499999995,44.030320167541504
MpGA,Secuencial S1 (Bottleneck),1,672.2212980594081,116.16892600514772,0.45367187499999995,75.42773604393005
MpGA,Secuencial S1 (Bottleneck),2,897.7597054099881,27.350709393082635,0.45367187500000006,37.07350778579712
MpGA,Secuencial S1 (Bottleneck),3,1555.989773626322,2.606650686477191,0.46928125,48.89061617851257
MpGA,Secuencial S1 (Bottleneck),4,1280.7900489033148,116.67121793107945,0.4380625000000001,50.17736768722534
MpGA,Secuencial S1 (Bottleneck),5,1273.5670052927196,66.5528265507405,0.4380625000000001,54.881686210632324
MpGA,Secuencial S1 (Bottleneck),6,1273.9013344008304,3.092097418409507,0.453671875,64.39281988143921
MpGA,Secuencial S1 (Bottleneck),7,492.05368201932833,4.46649438668829,0.4380625,55.37594223022461
MpGA,Secuencial S1 (Bottleneck),8,1045.037480428196,3.09082288280526,0.45367187500000006,56.25588846206665
MpGA,Secuencial S1 (Bottleneck),9,1556.7705800563467,2.606751001944267,0.45367187500000006,55.14335584640503
MpGA,Secuencial S2 (Bottleneck),0,827.0173713756074,154.58480008770564,0.45367187500000006,111.63343739509583
MpGA,Secuencial S2 (Bottleneck),1,1101.5384196479877,98.76357577146699,0.45367187500000006,118.19690489768982
MpGA,Secuencial S2 (Bottleneck),2,395.33484646309853,43.303976372895946,0.45367187500000006,111.19009351730347
MpGA,Secuencial S2 (Bottleneck),3,753.7637797343158,5.693409167887812,0.43806249999999997,104.3924207687378
MpGA,Secuencial S2 (Bottleneck),4,1040.2122211044311,54.83950751079871,0.46928125000000004,81.07772636413574
MpGA,Secuencial S2 (Bottleneck),5,1273.5670052927196,63.2846200276627,0.4380625000000001,77.33583879470825
MpGA,Secuencial S2 (Bottleneck),6,1255.2812195077827,3.0407490260413037,0.453671875,86.25702714920044
MpGA,Secuencial S2 (Bottleneck),7,787.2766421884314,5.595454698912793,0.4380625,75.05812907218933
MpGA,Secuencial S2 (Bottleneck),8,1025.7178895906848,2.887857370138118,0.45367187500000006,73.38279700279236
MpGA,Secuencial S2 (Bottleneck),9,1513.492155235947,2.5478376270675303,0.453671875,69.62057948112488
MS-MBPSO,Homogeneo S1,0,803.6925874584642,22.648892295242547,0.45367187499999995,55.68758416175842
MS-MBPSO,Homogeneo S1,1,828.0283769845105,67.42251460236284,0.453671875,40.33643889427185
MS-MBPSO,Homogeneo S1,2,450.0862558750449,117.92898260915204,0.4380625000000001,36.286799907684326
MS-MBPSO,Homogeneo S1,3,897.1901757207424,19.92703916481845,0.46928125,39.09616041183472
MS-MBPSO,Homogeneo S1,4,838.3099885539227,136.21348053240928,0.4380625000000001,35.7877836227417
MS-MBPSO,Homogeneo S1,5,722.5923628511885,3.0580835818669443,0.45367187500000006,35.957059144973755
MS-MBPSO,Homogeneo S1,6,612.1051268586314,21.77785300336527,0.453671875,53.76864981651306
MS-MBPSO,Homogeneo S1,7,985.7109023200373,19.48839102884523,0.45367187500000006,35.95309233665466
MS-MBPSO,Homogeneo S1,8,839.347703403881,17.845582786983982,0.45367187500000006,49.78587198257446
MS-MBPSO,Homogeneo S1,9,1327.5650265014297,66.96149595946812,0.45367187500000006,44.765355825424194
MS-MBPSO,Homogeneo S2,0,803.692587458464,22.64889229195904,0.45367187499999995,41.45902490615845
MS-MBPSO,Homogeneo S2,1,828.0283769845094,67.42251253380569,0.453671875,31.980020761489868
MS-MBPSO,Homogeneo S2,2,450.08625630687675,117.9289843802138,0.4380625000000001,31.020840167999268
MS-MBPSO,Homogeneo S2,3,897.190175720745,19.927039165009266,0.46928125,36.91391205787659
MS-MBPSO,Homogeneo S2,4,838.3099885122103,136.21346211091952,0.4380625000000001,35.00198674201965
MS-MBPSO,Homogeneo S2,5,722.5923627998301,3.0580835820232757,0.45367187500000006,34.97281742095947
MS-MBPSO,Homogeneo S2,6,612.1051265814299,21.777853002242235,0.453671875,50.02787113189697
MS-MBPSO,Homogeneo S2,7,985.7109023200353,19.48839102731576,0.45367187500000006,34.68599486351013
MS-MBPSO,Homogeneo S2,8,839.347703195933,17.8455827870951,0.45367187500000006,39.02020192146301
MS-MBPSO,Homogeneo S2,9,1327.5650265014299,66.96150175952624,0.45367187500000006,44.58800649642944
MS-MBPSO,Heterogeneo S1+S2,0,112.2771170242429,122.84704200375825,0.45367187500000006,0.6226568222045898
MS-MBPSO,Heterogeneo S1+S2,1,828.0283769845105,67.42251463333528,0.453671875,0.6528642177581787
MS-MBPSO,Heterogeneo S1+S2,2,357.5053379903394,47.78213662292569,0.4380625,0.6891613006591797
MS-MBPSO,Heterogeneo S1+S2,3,897.1901757207424,19.927039163650953,0.46928125,0.7496621608734131
MS-MBPSO,Heterogeneo S1+S2,4,838.3099885539227,136.21346265347015,0.4380625000000001,0.6287710666656494
MS-MBPSO,Heterogeneo S1+S2,5,840.6922770313436,4.6185914405950195,0.4380625,0.6192164421081543
MS-MBPSO,Heterogeneo S1+S2,6,317.1395594570338,5.855273338598555,0.45367187499999995,0.5892670154571533
MS-MBPSO,Heterogeneo S1+S2,7,985.7109023200373,19.488391026477128,0.45367187500000006,0.6534421443939209
MS-MBPSO,Heterogeneo S1+S2,8,378.9841417089865,15.422286063720094,0.4380625,0.630824089050293
MS-MBPSO,Heterogeneo S1+S2,9,795.4944962846765,2.8890301677073325,0.4380625,0.5960860252380371
MS-MBPSO,Secuencial S1 (Bottleneck),0,803.6925874584642,22.64889231480162,0.45367187499999995,20.332791566848755
MS-MBPSO,Secuencial S1 (Bottleneck),1,828.0283769845105,67.42249066030985,0.453671875,17.91436243057251
MS-MBPSO,Secuencial S1 (Bottleneck),2,450.0862558750449,117.9289670777176,0.4380625000000001,19.052385330200195
MS-MBPSO,Secuencial S1 (Bottleneck),3,897.1901757207424,19.927039163679368,0.46928125,21.403623580932617
MS-MBPSO,Secuencial S1 (Bottleneck),4,838.3099890160483,136.2134623891076,0.4380625000000001,21.801734447479248
MS-MBPSO,Secuencial S1 (Bottleneck),5,722.5923628511885,3.0580835819033934,0.45367187500000006,18.080585956573486
MS-MBPSO,Secuencial S1 (Bottleneck),6,612.1051268586314,21.777853002332613,0.453671875,20.684792041778564
MS-MBPSO,Secuencial S1 (Bottleneck),7,985.7109023200373,19.48839102711056,0.45367187500000006,21.037983894348145
MS-MBPSO,Secuencial S1 (Bottleneck),8,839.347703403881,17.845582786938675,0.45367187500000006,20.671746015548706
MS-MBPSO,Secuencial S1 (Bottleneck),9,1327.5650265014297,66.96148944419048,0.45367187500000006,18.264162063598633
MS-MBPSO,Secuencial S2 (Bottleneck),0,474.45337588321945,23.4758343814208,0.45367187499999995,40.930320501327515
MS-MBPSO,Secuencial S2 (Bottleneck),1,896.4380864327193,233.48902804039685,0.45367187500000006,35.88228893280029
MS-MBPSO,Secuencial S2 (Bottleneck),2,149.93679929867267,53.08421355739748,0.45367187499999995,31.841997385025024
MS-MBPSO,Secuencial S2 (Bottleneck),3,986.3261821259225,3.081917727182608,0.453671875,58.89940595626831
MS-MBPSO,Secuencial S2 (Bottleneck),4,838.3099890160483,136.21346200465078,0.4380625000000001,30.653279542922974
MS-MBPSO,Secuencial S2 (Bottleneck),5,588.0491373267885,20.86250069429655,0.45367187499999984,32.90004301071167
MS-MBPSO,Secuencial S2 (Bottleneck),6,317.13955854994447,5.855273338674474,0.45367187499999995,43.51259422302246
MS-MBPSO,Secuencial S2 (Bottleneck),7,812.4659117137843,3.387426846847914,0.46928125000000004,26.830937147140503
MS-MBPSO,Secuencial S2 (Bottleneck),8,550.0560658089198,27.03746458938683,0.45367187499999995,41.693827390670776
MS-MBPSO,Secuencial S2 (Bottleneck),9,472.72888790336594,29.61935035363902,0.4380625,43.97252368927002
HIBRIDO,Homogeneo S1,0,894.3080649629785,15.649315625446526,0.45367187500000006,84.95678520202637
HIBRIDO,Homogeneo S1,1,1513.4921553068134,2.5478376264864395,0.453671875,79.0502519607544
HIBRIDO,Homogeneo S1,2,1040.1263221455883,105.72944682919777,0.45367187500000006,73.46694755554199
HIBRIDO,Homogeneo S1,3,1010.2877468412387,15.491215936940502,0.45367187500000006,102.4262592792511
HIBRIDO,Homogeneo S1,4,1093.6862594587606,113.23193903792026,0.453671875,84.57760262489319
HIBRIDO,Homogeneo S1,5,1200.3737345723698,2.9571519064545955,0.45367187500000006,76.30332946777344
HIBRIDO,Homogeneo S1,6,389.3891021109996,21.94821160634233,0.45367187500000006,76.76312494277954
HIBRIDO,Homogeneo S1,7,872.1609377969148,4.732439113466938,0.453671875,69.61952757835388
HIBRIDO,Homogeneo S1,8,578.6771104626253,41.542222239346536,0.45367187500000006,69.93000888824463
HIBRIDO,Homogeneo S1,9,1223.1296903672014,81.48813353232542,0.46928125,71.30710005760193
HIBRIDO,Homogeneo S2,0,894.3080648455064,15.649315626421574,0.45367187500000006,66.91364216804504
HIBRIDO,Homogeneo S2,1,1513.4921553331835,2.547837626507856,0.453671875,68.60557770729065
HIBRIDO,Homogeneo S2,2,1040.1263221455874,105.72944429789537,0.45367187500000006,69.14915800094604
HIBRIDO,Homogeneo S2,3,1010.2877479760325,15.491215932979458,0.45367187500000006,71.09513640403748
HIBRIDO,Homogeneo S2,4,1093.6862593828876,113.23200316451057,0.453671875,68.5769317150116
HIBRIDO,Homogeneo S2,5,1200.3737345864479,2.9571519064608194,0.45367187500000006,64.49139404296875
HIBRIDO,Homogeneo S2,6,389.38910101484043,21.94821160520955,0.45367187500000006,73.62435746192932
HIBRIDO,Homogeneo S2,7,872.1609374327147,4.7324391130875965,0.453671875,71.53953433036804
HIBRIDO,Homogeneo S2,8,578.6771104626278,41.542222237840804,0.45367187500000006,66.84951615333557
HIBRIDO,Homogeneo S2,9,1223.1296903672032,81.83068813650085,0.46928125,65.02509641647339
HIBRIDO,Heterogeneo S1+S2,0,504.28626316072837,4.819108150674738,0.45367187500000006,21.792728662490845
HIBRIDO,Heterogeneo S1+S2,1,1126.090044215795,2.0202309517794212,0.4380625,24.896964073181152
HIBRIDO,Heterogeneo S1+S2,2,916.3430356459182,73.77397182920105,0.45367187499999984,24.728425979614258
HIBRIDO,Heterogeneo S1+S2,3,671.8499268346966,19.514856636952565,0.4380625,25.74204993247986
HIBRIDO,Heterogeneo S1+S2,4,825.7542797238366,52.86371281025567,0.45367187500000006,22.68700885772705
HIBRIDO,Heterogeneo S1+S2,5,1250.2362890239294,2.596793149560598,0.46928125,25.39214777946472
HIBRIDO,Heterogeneo S1+S2,6,389.3891021109996,21.948211594829203,0.45367187500000006,24.97984766960144
HIBRIDO,Heterogeneo S1+S2,7,730.5801896369853,18.49501519793182,0.45367187500000006,30.615288734436035
HIBRIDO,Heterogeneo S1+S2,8,994.6679862785179,3.5829393324437184,0.45367187500000006,36.651893854141235
HIBRIDO,Heterogeneo S1+S2,9,1012.4742281489092,16.260341513062027,0.46928125000000004,11.560697317123413
